Rpa;Tipo_cod;Tipo;Cod_escola;Escola;Inep;Rua;Numero;Cod_bairro;Bairro;Metragem;Qtd_alunos;Qtd_turmas;Qtd_professores;Escola_climatizada;Data_visita;Quadra_coberta;Quadra_descoberta;Biblioteca;Sala_recurso;Gestor;Longitude;Latitude;Região
1;1;Escola Municipal;90;Almirante Soares Dutra;26120658.0;Camutanga;180;51;Cabanga;764,3;429;18;13;Sim;27/02/2018;Não;Não;Sim;Sim;Veronica Maria Lima;-34.895;-8.0789;Centro
1;1;Escola Municipal;289;Cidadao Herbert De Souza;26121972.0;Arnobio Marques;310;108;Santo Amaro;206;163;12;11;Nâo;;Não;Não;Não;Sim;Ana Claudia Do Nascimento Silva;-34.887;-8.0457;Centro
1;1;Escola Municipal;256;Do Coque;26122898.0;Mirandopolis;35;43;Ilha Joana Bezerra;840,5;622;26;18;Nâo;;Não;Não;Sim;Sim;Grijalba Maria Pessoa;-34.9;-8.0714;Centro
1;1;Escola Municipal;91;Dos Coelhos;26118670.0;Dos Coelhos;591;60;Coelhos;1322;730;35;24;Nâo;;Não;Não;Sim;Sim;Francisca Angela Da Silva;-34.89;-8.0687;Centro
1;1;Escola Municipal;384;Frei Tadeu Glaser;26175347.0;Agamenon Magalhaes;600;108;Santo Amaro;398,4;130;8;7;Nâo;19/04/2017;Não;Não;Sim;Sim;Christianne Maria Dos Santos Cavalcanti;-34.878;-8.04;Centro
1;1;Escola Municipal;104;General Emidio Dantas Barreto;26121980.0;Da Saudade;303;108;Santo Amaro;1402,1;234;16;12;Nâo;;Não;Sim;Sim;Sim;Rejane Moura De Matos Novais Rocha;-34.883;-8.0508;Centro
1;1;Escola Municipal;282;Lutadores Do Bem;26121913.0;Coronel Virgilio De Medeiros;269;108;Santo Amaro;455,2;316;17;14;Nâo;;Não;Não;Sim;Sim;Josane Patricio Saldanha;-34.877;-8.0439;Centro
1;1;Escola Municipal;312;Nossa Senhora Do Pilar;26147300.0;Alfredo Lisboa;S/N;19;Recife;712,3;144;14;13;Nâo;;Não;Sim;Sim;Sim;Renata Rossy Noblat Fraga;-34.869;-8.0579;Centro
1;1;Escola Municipal;922;Novo Mangue;26158400.0;Avenida Central;511;43;Ilha Joana Bezerra;1010,7;359;17;13;Nâo;;Não;Sim;Sim;Sim;Raimunda Pinheiro De Queiroz;-34.903;-8.0751;Centro
1;1;Escola Municipal;66;Pedro Augusto;26121468.0;Barao De Sao Borja;279;86;Boa Vista;2245,5;316;13;14;Sim;;Sim;Não;Sim;Sim;Josenide Matias Pinheiro De Freitas;-34.89;-8.0605;Centro
1;1;Escola Municipal;4;Professor Jose Da Costa Porto;26121255.0;Cabo Eutropio;660;43;Ilha Joana Bezerra;1454,4;879;33;30;Nâo;06/06/2017;Sim;Não;Sim;Sim;Selme De Figueiroa Faria;-34.9;-8.0719;Centro
1;1;Escola Municipal;935;Professor Josue De Castro;26167891.0;Martin Luther King;368;43;Ilha Joana Bezerra;388;253;14;10;Nâo;;Não;Não;Não;Não;Marcia Claudia Matias Da Silva;-34.899;-8.0695;Centro
1;1;Escola Municipal;1;Reitor Joao Alfredo;26121786.0;Senador Jose Henrique;160;78;Ilha Do Leite;1832;322;13;14;Nâo;;Sim;Não;Sim;Sim;Marilia Oliveira Silva;-34.895;-8.065;Centro
1;1;Escola Municipal;189;Santo Amaro;26134379.0;Norte;570;108;Santo Amaro;258,8;446;25;17;Nâo;;Não;Não;Sim;Sim;Angelica Maria De Albuquerque Macedo;-34.877;-8.0465;Centro
1;1;Escola Municipal;93;Sede Da Sabedoria;26122014.0;Artemis;30;108;Santo Amaro;1188,8;464;22;17;Nâo;19/04/2017;Não;Não;Sim;Sim;Maria De Fatima Sena De Alencar;-34.876;-8.0401;Centro
1;1;Escola Municipal;95;Sitio Do Ceu;26136269.0;Anchieta;85;108;Santo Amaro;238,7;195;13;7;Sim;19/04/2017;Não;Não;Não;Sim;Viviane Cristina De Lima Freitas;-34.88;-8.0413;Centro
1;1;Escola Municipal;442;Soldado Jose Antonio Do Nascimento Boa Vista;26123304.0;Benfica;86;86;Boa Vista;668;147;12;9;Sim;;Não;Não;Não;Sim;Margarete Maria De Barros Ribeiro;-34.901;-8.0601;Centro
1;2;Creche Municipal;504;Professor Francisco Do Amaral Lopes;26158701.0;Agamenon Magalhaes;S/N;108;Santo Amaro;440,8;155;8;8;Nâo;25/04/2017;Não;Não;Não;Não;Eliane Rodrigues Da Silva;-34.888;-8.0451;Centro
1;2;Creche Municipal;503;Sao Domingos Savio;26149753.0;Dos Casados;164;108;Santo Amaro;124,8;31;2;2;Nâo;;Não;Não;Não;Não;Patricia De Morais Teixeira;-34.874;-8.0398;Centro
1;2;Creche Municipal;502;Vovo Artur;26149818.0;Beira Rio;S/N;60;Coelhos;644,7;163;9;7;Nâo;;Não;Não;Não;Não;Josilene Nascimento Da Conceicao;-34.891;-8.069;Centro
1;5;Cmei;415;Ana Rosa Falcao De Carvalho;26122022.0;Joao Lyra;S/N;108;Santo Amaro;1878,9;231;12;14;Sim;25/04/2017;Sim;Não;Sim;Sim;Rita De Cassia Cavalcanti;-34.88;-8.0561;Centro
1;5;Cmei;426;Coelhinho Pensante;26419742.0;Fatima Teixeira;S/N;108;Santo Amaro;330,4;86;7;7;Nâo;;Não;Não;Sim;Não;Viviane Menezes Da Silva;-34.878;-8.0427;Centro
1;5;Cmei;425;Doutor Alberico Dornelas Camara;26443716.0;Cais Do Apolo;925;19;Recife;1398,8;109;6;6;Nâo;;Não;Não;Não;Não;Ana Cristina Teixeira Campelo;-34.872;-8.0542;Centro
1;5;Cmei;501;Maezinha Do Coque;26149931.0;Guapirama;S/N;43;Ilha Joana Bezerra;671,3;141;7;7;Sim;;Não;Não;Sim;Não;Teresa Cristina Vasconcelos Esteves Paredes;-34.9;-8.0718;Centro
1;8;Creche Esc.Recife;119;Creche Escola Deputado Alcides Teixeira;26191679.0;;1193;108;Santo Amaro;;247;11;10;Nâo;;Não;Não;Sim;Não;Rosangela Batista De Albuquerque;;;Centro
1;8;Creche Esc.Recife;495;Do Pilar;26190818.0;Rua Do Ocidente;S/N;19;Recife;;126;6;5;Nâo;;Não;Não;Não;Não;Roberta Karolina Vasconcelos De Araujo;-34.869;-8.0568;Centro
1;8;Creche Esc.Recife;35;Porto Digital Do Recife;26190060.0;;50;19;Recife;;89;5;4;Nâo;;Não;Não;Não;Não;Cristiane Goncalves Pereira;-34.872;-8.0645;Centro
1;8;Creche Esc.Recife;497;Sergio Loreto;26190575.0;Rua Do Muniz;S/N;35;Sao Jose;;102;5;4;Nâo;;Não;Não;Sim;Sim;Taciana Cristina Dos Santos;-34.885;-8.0711;Centro
2;1;Escola Municipal;111;Alda Romeu;26128110.0;Corrego Do Deodato;685;337;Agua Fria;1182,8;361;17;12;Nâo;;Não;Não;Sim;Sim;Georgia Cristina Pereira De Mello;-34.9;-8.0136;Norte
2;1;Escola Municipal;187;Alto Do Maracana;26136300.0;Vila Flor;356;396;Dois Unidos;721,9;435;24;13;Nâo;;Não;Não;Não;Sim;Renata Barbosa Rodrigues Da Cunha;-34.909;-8.0025;Norte
2;1;Escola Municipal;321;Alto Do Pascoal;26166593.0;Ladeira De Pedra;1265;337;Agua Fria;176,6;490;26;19;Nâo;23/05/2017;Não;Sim;Sim;Sim;Rosana Gomes Martins;-34.902;-8.0147;Norte
2;1;Escola Municipal;237;Alto Santa Terezinha;26139723.0;Anibal Benevolo;Sn;370;Beberibe;1004,3;579;32;19;Sim;;Não;Não;Sim;Sim;Maria Jose De Moura Silva Albuquerque;-34.902;-8.0098;Norte
2;1;Escola Municipal;54;Ana Mauricia Wanderley;26128764.0;Joao Uzeda Luna;813;337;Agua Fria;495,1;233;10;6;Nâo;;Não;Não;Não;Sim;Divane Maria Campos Lucena;-34.896;-8.0179;Norte
2;1;Escola Municipal;258;Anita Paes Barreto;26128926.0;Geroncio Falcao;198;345;Fundao;134;112;6;4;Nâo;01/06/2017;Não;Não;Não;Sim;Sandra De Oliveira Anacleto Santos;-34.887;-8.0149;Norte
2;1;Escola Municipal;7;Antonio Heraclio Do Rego;26128640.0;Manoel Silva;134;337;Agua Fria;4366;508;19;21;Sim;17/04/2017;Sim;Não;Sim;Sim;Jose Ronaldo Candido Da Silva;-34.889;-8.0185;Norte
2;1;Escola Municipal;86;Antonio Luiz;26128659.0;Sao Joao Batista;134;337;Agua Fria;142,7;83;7;5;Sim;17/04/2017;Não;Não;Não;Não;Paula Prigida Oliveira Da Costa Nascimento;-34.885;-8.0178;Norte
2;1;Escola Municipal;458;Antonio Luiz - Anexo I;26128659.0;Das Mocas;1470;337;Agua Fria;;50;4;4;Nâo;;Não;Não;Sim;Não;;-34.884;-8.0186;Norte
2;1;Escola Municipal;44;Antonio Tiburcio;26128772.0;Tamboara;356;949;Alto Santa Terezinha;288,8;155;10;8;Nâo;;Não;Não;Sim;Não;Cintia De Melo Silva;-34.905;-8.0182;Norte
2;1;Escola Municipal;924;Campina Do Barreto;26166623.0;Virgilio De Melo Franco;28;353;Cajueiro;851,1;321;16;14;Nâo;01/06/2017;Não;Não;Sim;Sim;Waldira Moreno Da Silva Menezes;-34.886;-8.0095;Norte
2;1;Escola Municipal;400;Compositor Capiba;26212200.0;Professor Othon Paraiso;375;272;Torreao;379,4;143;8;6;Sim;;Não;Não;Não;Sim;Maria Cristina Da Silva;-34.883;-8.0375;Norte
2;1;Escola Municipal;61;Compositor Levino Ferreira;26128780.0;Corrego Jose Grande;1441;540;Alto Jose Bonifacio;379;212;12;8;Sim;;Não;Não;Sim;Sim;Ana Maria Santos Duarte;-34.909;-8.0142;Noroeste
2;1;Escola Municipal;999;Creche Escola Municipal Joao Amazonas;26171724.0;Da Bela Vista;284;396;Dois Unidos;341,4;134;8;7;Nâo;;Não;Não;Não;Não;Maria Angelica Batista Da Silva Oliveira;-34.906;-8.0023;Norte
2;1;Escola Municipal;923;De Agua Fria;26166640.0;Dos Craveiros;500;310;Campina Do Barreto;202;111;8;6;Nâo;09/02/2017;Não;Não;Sim;Sim;Disciola Alves Do Nascimento;-34.881;-8.0129;Norte
2;1;Escola Municipal;493;De Agua Fria - Anexo;26166640.0;Olimpio Torres;S/N;310;Campina Do Barreto;;145;9;5;Nâo;;Não;Não;Sim;Não;;-34.883;-8.0163;Norte
2;1;Escola Municipal;936;De Beberibe;26166607.0;Melanio De Barros Correia;25;370;Beberibe;261,1;149;8;8;Sim;;Não;Não;Sim;Sim;Leda Maria Da Silva Araujo;-34.898;-8.0033;Norte
2;1;Escola Municipal;176;Deus E Amor;26128888.0;Ladeira De Pedra;395;337;Agua Fria;189,8;97;6;4;Sim;11/12/2017;Não;Não;Não;Não;Maria Souto Maior Bezerra Cavalcanti Dos Guimaraes Peixoto;-34.898;-8.0182;Norte
2;1;Escola Municipal;960;Deus E Amor - Anexo I;26128888.0;Manoel Lopes;Sn;337;Agua Fria;;60;4;2;Nâo;;Não;Não;Não;Não;;-34.897;-8.0174;Norte
2;1;Escola Municipal;949;Engenheiro Edinaldo Miranda De Oliveira;26166631.0;Inacio Galvao Dos Santos;304;175;Encruzilhada;189,8;184;12;11;Nâo;;Não;Não;Não;Não;Ana Paula Araujo Nascimento;-34.892;-8.0347;Norte
2;1;Escola Municipal;385;Irma Terezinha Batista - Anexo I;26128950.0;Dos Craveiros;273;310;Campina Do Barreto;;217;10;6;Nâo;16/06/2017;Não;Não;Não;Não;;-34.881;-8.0144;Norte
2;1;Escola Municipal;99;Irma Terezinha Batista Proj Novo Viver;26128950.0;Iguatu;S/N;310;Campina Do Barreto;;231;10;6;Nâo;16/06/2017;Não;Não;Não;Sim;Marineide Lopes Da Silva Oliveira;-34.882;-8.0151;Norte
2;1;Escola Municipal;60;Josefina Marinho;26126770.0;Corrego Jose Grande;1316;523;Alto Jose Do Pinho;314,5;183;11;6;Nâo;;Não;Não;Não;Não;Ayla Maria Dos Santos;-34.91;-8.0168;Noroeste
2;1;Escola Municipal;966;Ladjane Bandeira;26170744.0;Severino Carneiro;135;337;Agua Fria;208;84;6;5;Nâo;23/05/2017;Não;Não;Não;Não;Edineide Florentino De Souza;-34.902;-8.0142;Norte
2;1;Escola Municipal;55;Luiz Lua Gonzaga;26128268.0;Aurilandia;54;426;Bomba Do Hemeterio;518,9;224;12;9;Sim;;Não;Não;Sim;Sim;Nathalie Alves Da Silva;-34.902;-8.0194;Norte
2;1;Escola Municipal;42;Manoel Antonio De Freitas;26126826.0;Sao Jeronimo;147;949;Alto Santa Terezinha;222,5;234;12;9;Nâo;;Não;Não;Não;Não;Maria Veronica Da Silva Ramos;-34.909;-8.0176;Norte
2;1;Escola Municipal;12;Mario Melo;26122529.0;Oliveira Fonseca;318;280;Campo Grande;1697,9;742;36;30;Nâo;05/05/2017;Não;Sim;Sim;Sim;Andreza Kione Alves Bezarra;-34.879;-8.0285;Norte
2;1;Escola Municipal;47;Monsenhor Viana;26128705.0;Taguatinga;S/N;370;Beberibe;5711;303;16;12;Nâo;;Não;Não;Sim;Sim;Carla Virginia Do Amaral;-34.898;-8.0045;Norte
2;1;Escola Municipal;6;Monteiro Lobato;26118734.0;Jardim Brasilia;S/N;299;Peixinhos;1385;304;15;15;Nâo;;Não;Não;Sim;Sim;Kaline Suzany Barros;-34.874;-8.0173;Norte
2;1;Escola Municipal;59;Nova Aurora;26128314.0;Antonio Meira;169;337;Agua Fria;200,4;115;8;7;Nâo;;Não;Não;Não;Não;Esmeralda Dias Cabral;-34.902;-8.018;Norte
2;1;Escola Municipal;46;Novo Horizonte;26128322.0;Anibal Benevolo;1045;337;Agua Fria;909,6;279;16;9;Sim;19/04/2018;Não;Não;Sim;Sim;Tania Alves De Lima;-34.898;-8.0102;Norte
2;1;Escola Municipal;13;Olindina Monteiro De Oliveira Franca;26128934.0;Bela Vista;115;396;Dois Unidos;1236,6;496;20;24;Nâo;;Não;Sim;Sim;Sim;Denise Albuquerque De Souza;-34.906;-8.0027;Norte
2;1;Escola Municipal;131;Pastor Paulo Leivas Macalao;26126427.0;Alterosa;27;388;Linha Do Tiro;893,4;417;21;13;Nâo;;Não;Não;Não;Sim;Marleide Alves De Souza Santos;-34.908;-8.0121;Norte
2;1;Escola Municipal;9;Paulo Vi;26128390.0;Guaira;200;388;Linha Do Tiro;2463,7;397;18;19;Nâo;;Não;Não;Sim;Sim;Ana Marcia De Sousa;-34.904;-8.0077;Norte
2;1;Escola Municipal;446;Poeta Jonatas Braga;26122634.0;Sao Caetano;545;280;Campo Grande;668;139;10;11;Nâo;;Não;Sim;Não;Sim;Ana Lucia Pereira Borba;-34.878;-8.0369;Norte
2;1;Escola Municipal;957;Poeta Solano Trindade;26177960.0;Manoel Silva;134;337;Agua Fria;278,6;369;22;18;Sim;17/04/2017;Não;Não;Sim;Sim;Ana Carolina De Queiroz Lins;-34.889;-8.0185;Norte
2;1;Escola Municipal;346;Prof Jandira Botelho Pereira Da Costa;26155818.0;Farias Neves;Sn;280;Campo Grande;1033,1;678;31;21;Nâo;05/05/2017;Não;Não;Sim;Sim;Geralda Barbosa De Melo;-34.877;-8.024;Norte
2;1;Escola Municipal;332;Professor Ricardo Gama;26153599.0;Guaira;160;388;Linha Do Tiro;1442,6;573;24;19;Nâo;;Não;Sim;Sim;Sim;Maria Helena Soares De Freitas;-34.904;-8.0072;Norte
2;1;Escola Municipal;379;Professora Helia Maria Pereira;26175355.0;Alice Gomes;37;280;Campo Grande;294,7;126;8;6;Nâo;;Não;Não;Não;Sim;Sandra Maria De Oliveira E Silva;-34.88;-8.0368;Norte
2;1;Escola Municipal;96;Santa Cecilia;26122600.0;Alice Gomes;49;280;Campo Grande;572;349;19;14;Sim;;Não;Não;Sim;Sim;Telma Gama Motta;-34.88;-8.0368;Norte
2;1;Escola Municipal;56;Sao Joao Batista;26128748.0;Anibal Benevolo;1800;388;Linha Do Tiro;764,3;343;14;10;Nâo;19/04/2018;Não;Não;Sim;Sim;Geisa Conceicao Teixeira Macambira;-34.904;-8.0119;Norte
2;1;Escola Municipal;285;Servico Social De Belem;26122464.0;Rodolfo De Holanda;248;175;Encruzilhada;373,6;109;6;3;Nâo;;Não;Não;Não;Não;Luciana Neres De Albuquerque E Silva;-34.894;-8.0325;Norte
2;2;Creche Municipal;516;Ame As Criancas;26149869.0;Arlindo Cisneiros;23;426;Bomba Do Hemeterio;180,6;42;3;3;Nâo;17/04/2017;Não;Não;Não;Não;Lucilene Maria De Andrade;-34.908;-8.019;Norte
2;2;Creche Municipal;509;Cajueiro;26149761.0;Alice Tibirica;453;353;Cajueiro;107,1;20;2;2;Nâo;09/02/2017;Não;Não;Não;Não;Tania Maria Goncalves De Oliveira;-34.883;-8.009;Norte
2;2;Creche Municipal;549;Tia Emilia;26157462.0;Pedro Batista;S/N;396;Dois Unidos;368,3;91;5;5;Nâo;;Não;Não;Não;Não;Maucineia Cavalcanti Da Silva;-34.914;-8.0022;Norte
2;2;Creche Municipal;510;Unidos Venceremos;26149826.0;Corrego Jose Grande;126A;949;Alto Santa Terezinha;264;120;6;6;Nâo;;Não;Não;Sim;Não;Valeria Maria Gomes Rios;-34.91;-8.0184;Norte
2;2;Creche Municipal;430;Vila Imperial;26181274.0;Pedro De Melo Pedrosa;10;329;Arruda;462,1;120;6;6;Sim;17/04/2017;Não;Não;Não;Não;Nilvanda Rodrigues De Carvalho;-34.886;-8.0245;Norte
2;2;Creche Municipal;508;Waldemar De Souza Cabral;26149850.0;Antonio Meira;73;337;Agua Fria;89,4;19;2;2;Nâo;;Não;Não;Sim;Não;Isabella Karol De Oliveira;-34.902;-8.0188;Norte
2;2;Creche Municipal;507;Zacarias Do Rego Maciel;26149834.0;Anibal Benevolo;1536;388;Linha Do Tiro;738,1;179;8;5;Nâo;;Não;Sim;Sim;Sim;Ana Lucia Hilario Dos Santos;-34.902;-8.0103;Norte
3;1;Escola Municipal;113;Alto Da Guabiraba;26126370.0;Presidente Costa E Silva;S/N;612;Brejo Da Guabiraba;808,5;188;10;10;Sim;21/07/2017;Sim;Não;Sim;Sim;Angela Maria Pereira De Lima;-34.933;-7.9918;Noroeste
3;1;Escola Municipal;311;Alto Do Refugio - Ivan Neves - Anexo I;26149370.0;Alto Do Refugio;255;574;Brejo De Beberibe;187,3;87;6;4;Sim;;Não;Não;Não;Não;;-34.925;-7.9998;Noroeste
3;1;Escola Municipal;251;Alto Do Refugio Ivan Neves;26149370.0;Alto Do Refugio;250;574;Brejo De Beberibe;187,3;115;6;5;Sim;;Não;Não;Não;Não;Ana Lucia Nunes Da Silva;-34.925;-7.9999;Noroeste
3;1;Escola Municipal;115;Alto Jardim Progresso;26125854.0;Alto Jardim Progresso;300;566;Nova Descoberta;528;268;13;9;Nâo;;Não;Não;Sim;Sim;Josemir Pedro Da Silva;-34.925;-8.0046;Noroeste
3;1;Escola Municipal;406;Alto Jardim Progresso - Anexo I;26125854.0;Sobral Pinto;300;566;Nova Descoberta;528;73;4;3;Nâo;;Não;Não;Não;Não;;-34.925;-8.0044;Noroeste
3;1;Escola Municipal;448;Arquiteto Alexandre Muniz De Oliveira;26125994.0;Alto Do Venancio;120;620;Corrego Do Jenipapo;668;280;12;11;Sim;02/05/2017;Não;Não;Sim;Não;Francy Carmem Brasil E Sousa;-34.936;-7.9977;Noroeste
3;1;Escola Municipal;63;Boa Esperanca;26126869.0;Pedra Bonita;80;558;Vasco Da Gama;441,6;285;17;13;Nâo;;Não;Não;Não;Sim;Daniela Carla Pires Pereira;-34.919;-8.0186;Noroeste
3;1;Escola Municipal;427;Bola Na Rede;26491710.0;Doutor Arthur Orlando De Andrade Bezerra;100;418;Guabiraba;413;478;26;22;Nâo;12/06/2017;Não;Não;Não;Sim;Maria Da Conceicao Vicente Da Silva;-34.924;-7.9654;Noroeste
3;1;Escola Municipal;382;Cecilia Meirelles;26175363.0;Mater Linch;189;582;Macaxeira;282,6;162;14;14;Sim;;Não;Sim;Não;Não;Viviane Belarmino Silva De Lima;-34.929;-8.0152;Noroeste
3;1;Escola Municipal;420;Chico Science;26419734.0;Catigua;112;558;Vasco Da Gama;227,3;111;8;7;Nâo;;Não;Não;Não;Sim;Veronica Natalia De Lima;-34.92;-8.0131;Noroeste
3;1;Escola Municipal;120;Corrego Da Areia;26126680.0;Corrego Da Areia;5449;566;Nova Descoberta;296,8;190;10;10;Nâo;;Não;Não;Não;Não;Monica Henrique Da Silva;-34.931;-8.003;Noroeste
3;1;Escola Municipal;58;Corrego Da Bica;26126362.0;Corrego Da Bica;Sn;400;Passarinho;82;280;14;12;Nâo;;Não;Não;Sim;Sim;Anailse Moura Dos Santos;-34.928;-7.9852;Noroeste
3;1;Escola Municipal;342;Corrego Do Euclides;26158752.0;Corrego Do Euclides;48;531;Morro Da Conceicao;122;297;19;12;Nâo;;Não;Não;Sim;Sim;Aline Jose Rodrigues Da Silva;-34.914;-8.0149;Noroeste
3;1;Escola Municipal;996;Da Guabiraba;26171740.0;Cassiterita;395;612;Brejo Da Guabiraba;849,4;554;24;20;Nâo;;Não;Não;Sim;Sim;Rilva Jose Pereira Uchoa Cavalcanti;-34.935;-7.9935;Noroeste
3;1;Escola Municipal;203;Da Guabiraba Anexo Ii;26171740.0;Cassiterita;S/N;612;Brejo Da Guabiraba;849,4;0;0;0;Nâo;;Não;Não;Não;Não;;-34.935;-7.9932;Noroeste
3;1;Escola Municipal;52;Da Mangabeira;26128233.0;Niceas Arcoverde Gusmao;S/N;515;Mangabeira;499,5;619;24;19;Sim;;Sim;Não;Sim;Sim;Patricia Reis Delgado Gomes;-34.9;-8.0241;Noroeste
3;1;Escola Municipal;414;De Altas Habilidades E Superdotacao;26180111.0;Conego Barata;195;191;Tamarineira;;0;0;0;Nâo;;Não;Não;Não;Não;;-34.924;-8.0269;Noroeste
3;1;Escola Municipal;310;De Casa Amarela;26166658.0;Corrego Da Areia;287;582;Macaxeira;347,8;242;12;9;Nâo;;Não;Não;Sim;Sim;Ana Paula Paiva De Moura;-34.926;-8.0007;Noroeste
3;1;Escola Municipal;413;De Surdocegueira E Deficiencia Multipla;26180103.0;Conego Barata;195;191;Tamarineira;;0;0;0;Nâo;;Não;Não;Não;Não;;-34.924;-8.0269;Noroeste
3;1;Escola Municipal;412;De Transtorno Global Do Desenvolvimento;26206609.0;Conego Barata;195;191;Tamarineira;;0;0;0;Nâo;;Não;Não;Não;Não;;-34.924;-8.0269;Noroeste
3;1;Escola Municipal;378;Deocleciano Oliveira De Lima;26175371.0;Sanharo;568;582;Macaxeira;73;150;8;4;Nâo;;Não;Não;Sim;Não;Patricia Maria Domingues;-34.925;-8.0007;Noroeste
3;1;Escola Municipal;261;Dep Fernando Sampaio Anx I Antonio Felix;26132267.0;Colina Dos Andes;105;566;Nova Descoberta;379,4;149;10;7;Nâo;;Não;Não;Não;Não;;-34.925;-8.0131;Noroeste
3;1;Escola Municipal;255;Deputado Fernando Sampaio;26132267.0;Alto Antonio Felix;105;566;Nova Descoberta;379,4;164;9;6;Nâo;;Não;Não;Não;Não;Sandra Patricia Ferreira De Souza;-34.926;-8.0113;Noroeste
3;1;Escola Municipal;968;Diacono Abel Gueiros;26170647.0;Norte Miguel Arraes De Alencar;7696;582;Macaxeira;745,4;356;16;12;Nâo;;Não;Não;Não;Sim;Sueli Da Silva Costa;-34.931;-8.0144;Noroeste
3;1;Escola Municipal;92;Dom Helder Camara;26122570.0;Marques Do Parana;320;124;Espinheiro;426;294;18;15;Nâo;;Não;Sim;Sim;Sim;Isabella Sacchelli;-34.888;-8.041;Noroeste
3;1;Escola Municipal;77;Dom Jose Lamartine Soares;26126818.0;Alto Do Eucalipto;S/N;558;Vasco Da Gama;254,1;286;17;11;Nâo;21/07/2017;Não;Não;Não;Não;Monica De Oliveira Coutinho;-34.919;-8.0082;Noroeste
3;1;Escola Municipal;277;Dom Jose Lamartine Soares - Anexo I Cvc;26126818.0;Alto Do Eucalipto;S/N;558;Vasco Da Gama;254,1;66;7;4;Nâo;21/07/2017;Não;Não;Não;Não;;-34.922;-8.0021;Noroeste
3;1;Escola Municipal;57;Doutor Caete;26126389.0;Alvarans;222;566;Nova Descoberta;427,1;299;17;8;Nâo;;Não;Sim;Sim;Não;Elizabeth Maria Da Silva;-34.927;-8.0015;Noroeste
3;1;Escola Municipal;45;Draomiro Chaves Aguiar;26120720.0;Santa Isabel;655;434;Casa Amarela;675,7;418;23;15;Nâo;10/05/2017;Não;Não;Sim;Sim;Sueli Carlos Da Silva Souza;-34.924;-8.0266;Noroeste
3;1;Escola Municipal;71;Historiador Flavio Guerra;26145227.0;Alto Da Telha;320;400;Passarinho;355,7;135;7;4;Sim;13/02/2017;Não;Não;Não;Não;Fernanda Helena Da Conceicao Silva;-34.929;-7.9853;Noroeste
3;1;Escola Municipal;313;Historiador Flavio Guerra - Anexo I;26145227.0;Alto Da Telha;320;400;Passarinho;355,7;178;8;6;Sim;13/02/2017;Não;Não;Não;Sim;;-34.93;-7.9856;Noroeste
3;1;Escola Municipal;389;Julio Vicente Alves De Arau Anx I Cervac;26118955.0;Da Conceicao;211;531;Morro Da Conceicao;400;0;0;0;Nâo;;Não;Não;Não;Sim;;-34.913;-8.0195;Noroeste
3;1;Escola Municipal;80;Julio Vicente Alves De Araujo;26118955.0;Da Conceicao;468;531;Morro Da Conceicao;400;225;12;10;Nâo;;Não;Não;Não;Sim;Adriana Alexandre Silveira Da Cunha;-34.914;-8.0191;Noroeste
3;1;Escola Municipal;62;Margarida De Siqueira Pessoa;26126281.0;Corrego Jose Grande;1307;540;Alto Jose Bonifacio;576,6;287;12;10;Nâo;;Não;Não;Sim;Não;Sheyla Angela Viana De Melo Moraes;-34.91;-8.0179;Noroeste
3;1;Escola Municipal;333;Marluce Santiago Da Silva;26153556.0;Concriz;S/N;400;Passarinho;633,1;407;20;14;Sim;27/10/2017;Não;Não;Não;Sim;Maria Betania De Oliveira Albuquerque Silva;-34.917;-7.9805;Noroeste
3;1;Escola Municipal;955;Marluce Santiago Da Silva - Anexo I;26153556.0;Galo De Campina;211;400;Passarinho;;81;6;4;Sim;27/10/2017;Não;Não;Não;Não;;-34.917;-7.9795;Noroeste
3;1;Escola Municipal;79;Mauricio De Nassau;26126672.0;Doutor Eurico Chaves;677;493;Alto Do Mandu;305,3;223;10;8;Nâo;10/05/2017;Não;Não;Não;Não;Dori Sandra Ferreira Ramos;-34.925;-8.0229;Noroeste
3;1;Escola Municipal;27;Mundo Esperanca;26125706.0;Estrada Dos Pintos;900;604;Sitio Dos Pintos;493;336;14;10;Nâo;18/04/2017;Não;Não;Não;Não;Ida Flavia Falcao Pinto;-34.956;-8.0141;Noroeste
3;1;Escola Municipal;78;Nadir Colaco;26133389.0;Norte  Miguel Arraes De Alencar;2173;582;Macaxeira;1125,1;384;13;15;Nâo;;Não;Sim;Sim;Sim;Josinere Sales Da Silva;-34.929;-8.0172;Noroeste
3;1;Escola Municipal;206;Nova Descoberta;26133622.0;Jornalista Waldete Agra;100;400;Passarinho;721;490;22;18;Nâo;;Não;Não;Sim;Sim;Miriam Severina Da Silva Muniz Da Rocha;-34.929;-7.9875;Noroeste
3;1;Escola Municipal;48;Octavio De Meira Lins;26126087.0;Jose Reboucas;141;558;Vasco Da Gama;951,4;670;31;24;Nâo;13/02/2017;Não;Sim;Sim;Sim;Maurilio Lins Da Silva;-34.916;-8.0102;Noroeste
3;1;Escola Municipal;145;Padre Antonio Henrique;26121662.0;Viscondessa Do Livramento;290;140;Derby;590,6;367;28;28;Sim;;Não;Não;Sim;Sim;Jose Carlos Martins De Santana;-34.9;-8.0614;Noroeste
3;1;Escola Municipal;405;Padre Antonio Henrique Anexo I;26121662.0;Paissandu;112;86;Boa Vista;590,6;106;5;5;Sim;;Não;Sim;Sim;Não;;-34.895;-8.06;Centro
3;1;Escola Municipal;123;Padre Donino;26134350.0;;442;442;Casa Forte;;215;10;6;Nâo;;Sim;Não;Sim;Sim;Silvana Tereza De Lira Bezerra;-34.919;-8.034;Noroeste
3;1;Escola Municipal;288;Pedrinho;26126966.0;Barao De Botovi;S/N;566;Nova Descoberta;230;117;10;6;Nâo;;Não;Não;Não;Não;Andrea Maria Da Silva;-34.924;-8.0054;Noroeste
3;1;Escola Municipal;97;Pedro Alcantara;26175380.0;Tres Morros;43;620;Corrego Do Jenipapo;218,4;140;8;6;Nâo;;Não;Não;Não;Não;Aurineide Elias De Oliveira;-34.937;-8.0025;Noroeste
3;1;Escola Municipal;51;Poeta Joaquim Cardoso;26126494.0;Corrego Da Areia;950;566;Nova Descoberta;997,4;659;26;29;Nâo;;Não;Não;Sim;Não;Veronica Maria De Oliveira;-34.93;-8.0013;Noroeste
3;1;Escola Municipal;318;Presbitero Jose Bezerra;26126419.0;Norte;7636;582;Macaxeira;554,8;401;20;15;Nâo;;Não;Não;Sim;Sim;Adeluzia Rosaly Galvao Faria;-34.931;-8.0149;Noroeste
3;1;Escola Municipal;21;Professor Aderbal Galvao;26126516.0;Vasco Da Gama;399;558;Vasco Da Gama;729,2;474;17;20;Nâo;13/02/2017;Não;Não;Não;Não;Celso Henrique Lopes Da Silva;-34.921;-8.0165;Noroeste
3;1;Escola Municipal;376;Professor Jose Soares Da Silva;26166666.0;Barao De Botovi;5785;566;Nova Descoberta;918,4;344;19;12;Nâo;;Não;Não;Sim;Sim;Lucicleide Amancio Da Silva;-34.923;-8.0068;Noroeste
3;1;Escola Municipal;22;Professor Mauro Mota;26126788.0;Alto Da Brasileira;S/N;566;Nova Descoberta;725;425;21;10;Nâo;02/05/2017;Não;Não;Não;Não;Maria Jose Pereira De Assuncao Egito;-34.931;-8.0001;Noroeste
3;1;Escola Municipal;50;Professor Moacyr De Albuquerque;26120771.0;Corrego Da Areia;S/N;566;Nova Descoberta;672,6;310;12;8;Nâo;;Não;Não;Não;Sim;Fatima Alves Reis Justo;-34.925;-8.0016;Noroeste
3;1;Escola Municipal;132;Professor Nilo Pereira;26126524.0;Do Arraial;4900;434;Casa Amarela;1115,1;328;12;14;Sim;;Sim;Não;Sim;Sim;Andresa Karlla De Melo Brito;-34.925;-8.0272;Noroeste
3;1;Escola Municipal;423;Professor Nilo Pereira Anexo Apae;26212404.0;Do Arraial;4744;485;Monteiro;363;0;0;0;Nâo;;Sim;Não;Sim;Sim;;-34.924;-8.0274;Noroeste
3;1;Escola Municipal;17;Professora Almerinda Umbelino De Barros;26126117.0;Vasco Da Gama;S/N;558;Vasco Da Gama;1268;695;30;26;Sim;30/08/2017;Não;Sim;Sim;Sim;Adriana Demetrio Dias Da Silva;-34.921;-8.0101;Noroeste
3;1;Escola Municipal;252;Renato Accioly Carneiro Campos;26136335.0;Santa Rosa;140;566;Nova Descoberta;426,2;149;8;5;Nâo;;Não;Não;Sim;Sim;Margarida Virginia De Santana;-34.925;-8.0044;Noroeste
3;1;Escola Municipal;401;Rozemar De Macedo Lima;26212404.0;Avenida Norte;5400;434;Casa Amarela;363;370;22;13;Nâo;;Não;Não;Sim;Sim;Janaina Santos Da Silva;-34.913;-8.023;Noroeste
3;1;Escola Municipal;5;Santa Maria;26121077.0;Acaiaca;70;523;Alto Jose Do Pinho;1529,3;651;27;15;Nâo;;Não;Não;Não;Sim;Suleide Farias De Souza Santos;-34.908;-8.0217;Noroeste
3;1;Escola Municipal;265;Santa Maria Goretti;26126583.0;Santa Maria Goretti;300;558;Vasco Da Gama;787,2;304;15;11;Sim;;Não;Não;Sim;Sim;Rubenice De Souza E Silva;-34.918;-8.0112;Noroeste
3;1;Escola Municipal;11;Sao Cristovao;26126630.0;Cassiterita;395;612;Brejo Da Guabiraba;1330,8;485;20;25;Sim;;Sim;Não;Sim;Sim;Maria Jose Lopes De Sant Ana;-34.935;-7.9933;Noroeste
3;1;Escola Municipal;306;Severina Lira;26122308.0;Da Boa Vontade;110;191;Tamarineira;379,6;193;10;9;Nâo;06/04/2018;Sim;Não;Sim;Sim;Rita De Cassia Rodrigues Da Silva;-34.9;-8.0286;Noroeste
3;1;Escola Municipal;23;Sociologo Gilberto Freyre;26125692.0;Professor Claudio Selva;350;590;Dois Irmaos;789,8;476;23;27;Nâo;18/04/2017;Não;Não;Sim;Sim;Luciana Madeira Costa De Amorim;-34.952;-8.0108;Noroeste
3;1;Escola Municipal;85;Virgem Poderosa;26125811.0;Leonardo Bezerra Cavalcanti;116;469;Parnamirim;931,9;237;14;9;Nâo;;Não;Não;Sim;Sim;Giulliana Bezerra Rodrigues;-34.907;-8.0364;Noroeste
3;2;Creche Municipal;518;Crianca Feliz;26149788.0;Visconde Sa Bandeira;S/N;540;Alto Jose Bonifacio;180,6;71;4;4;Nâo;;Não;Não;Não;Não;Ivonete Ferreira Lopes;-34.912;-8.012;Noroeste
3;2;Creche Municipal;519;Flor Da Comunidade;26149770.0;Rua;111;531;Morro Da Conceicao;72;50;4;4;Nâo;;Não;Não;Não;Não;Etelvina Beserra De Farias Carvalho;-34.915;-8.018;Noroeste
3;2;Creche Municipal;517;Flor Do Bairro Da Guabiraba;26149842.0;Cassiterita;S/N;612;Brejo Da Guabiraba;230,8;51;3;3;Nâo;;Não;Não;Não;Não;Simone Gomes Da Silva;-34.936;-7.993;Noroeste
3;2;Creche Municipal;436;Irma Dulce;26181932.0;Adalgisa;09;124;Espinheiro;850;65;4;4;Sim;;Não;Não;Sim;Não;Elizete Maria Dos Santos;-34.887;-8.042;Noroeste
3;2;Creche Municipal;514;Mardonio Coelho;26149737.0;Senador Milton Campos;S/N;558;Vasco Da Gama;495;83;5;5;Nâo;;Não;Não;Não;Não;Suely Jane Da Costa;-34.923;-8.0146;Noroeste
3;2;Creche Municipal;452;Mercia Maria Bezerra Costa;26183269.0;Vereador Otacilio Azevedo;1030;574;Brejo De Beberibe;850;153;8;7;Nâo;;Não;Não;Não;Não;Maria Do Socorro Do Nascimento;-34.914;-8.0046;Noroeste
3;2;Creche Municipal;992;Monte Das Oliveiras;26171651.0;Alto Da Brasileira;07;566;Nova Descoberta;190,2;20;2;2;Nâo;02/05/2017;Não;Não;Não;Não;Maria Anunciada Oliveira Andre Gomes;-34.933;-8.0006;Noroeste
3;2;Creche Municipal;991;Nossa Senhora De Fatima;26171660.0;Alto Do Reservatorio;720;566;Nova Descoberta;;30;3;3;Nâo;02/05/2017;Não;Não;Não;Não;Roberta Borges De Albuquerque;-34.934;-7.9978;Noroeste
3;2;Creche Municipal;522;Sao Joao;26149923.0;Do Canal;50;582;Macaxeira;764,3;71;5;5;Nâo;13/06/2017;Não;Não;Não;Não;Girlanne Michelle Braga Da Silva;-34.93;-8.0197;Noroeste
3;5;Cmei;377;Celeste Vidal;26175878.0;Jardim Eldorado;S/N;612;Brejo Da Guabiraba;126,8;118;6;6;Nâo;12/06/2017;Não;Não;Não;Não;Ana Suely Lopes Da Silva;-34.958;-7.9984;Noroeste
3;5;Cmei;515;Cmei Creusa Arcoverde De Freitas Cavalcanti;26149800.0;Conselheiro Nabuco;S/N;434;Casa Amarela;535,1;91;5;5;Nâo;;Não;Não;Não;Sim;Sandra Maria Magalhaes Arcoverde Gusmao;-34.918;-8.028;Noroeste
3;8;Creche Esc.Recife;126;Brejo Do Beberibe;26191822.0;;1097;558;Vasco Da Gama;;41;3;3;Nâo;;Não;Não;Não;Não;Maria Elaine Monteiro Do Nascimento;;-79.048;Noroeste
3;8;Creche Esc.Recife;43;Creche Escola Recife Alto Do Mandu;26190087.0;;S/N;485;Monteiro;;158;8;6;Nâo;;Não;Não;Não;Não;Rosangela Barbosa De Aguiar Roma;;;Noroeste
3;8;Creche Esc.Recife;451;Dona Carmelita Muniz De Araujo;26183285.0;Da Mumbeca;100;418;Guabiraba;850;151;7;8;Nâo;12/06/2017;Não;Não;Sim;Não;Josivane Rodrigues Dos Santos Silva;-34.923;-7.965;Noroeste
3;8;Creche Esc.Recife;459;Menino Jesus De Casa Forte;26149338.0;Samuel De Farias;127;450;Santana;;177;12;11;Nâo;;Sim;Não;Sim;Sim;Elizangela Tavares Pereira Feitosa Do Nascimento;-34.915;-8.0389;Noroeste
3;8;Creche Esc.Recife;520;Nossa Senhora Das Dores;26149796.0;Dos Caetes;427;507;Apipucos;164,6;62;5;5;Nâo;20/04/2017;Não;Não;Não;Não;Giselle Alves Da Silva;-34.937;-8.0171;Noroeste
3;8;Creche Esc.Recife;494;Professor Ariano Vilar Suassuna;26189224.0;Don Manuel De Medeiros;S/N;590;Dois Irmaos;;153;8;7;Nâo;;Não;Não;Sim;Sim;Kelly Cristine Maranhao Conrado;;;Noroeste
4;1;Escola Municipal;3;Arraial Novo Do Bom Jesus;26127369.0;Do Forte;1340;701;Torroes;1223,4;775;32;38;Nâo;;Não;Sim;Sim;Sim;Rosangela Do Nascimento Cunha Vieira De Melo;-34.931;-8.0587;Oeste
4;1;Escola Municipal;190;Casarao Do Barbalho;26127016.0;Do Barbalho;1595;698;Iputinga;1229;361;25;18;Nâo;;Não;Não;Sim;Sim;Genilda Fernandes De Oliveira;-34.934;-8.0288;Oeste
4;1;Escola Municipal;39;Celia Arraes;26127024.0;Jose Noya;131;736;Varzea;682,1;326;14;13;Nâo;;Não;Não;Sim;Sim;Ana Beatriz Da Silva;-34.958;-8.0391;Oeste
4;1;Escola Municipal;36;Creusa De Freitas Cavalcanti;26127008.0;Epaminondas Cristovao De Oliveira;S/N;701;Torroes;940,7;622;26;20;Nâo;;Não;Não;Não;Não;Claudia Helena De Sousa Laurentino;;-80.614;Oeste
4;1;Escola Municipal;19;Da Iputinga;26119218.0;Coronel Fernando Furtado;479;698;Iputinga;1739,7;630;24;27;Nâo;11/05/2017;Não;Não;Sim;Sim;Maria Marluce Pereira Gomes;-34.928;-8.0416;Oeste
4;1;Escola Municipal;334;Darcy Ribeiro;26153424.0;Odete Monteiro;450;680;Cordeiro;1577,7;603;27;22;Nâo;03/02/2017;Sim;Não;Sim;Sim;Simone Marques Mendonca De Oliveira Pinto;-34.92;-8.0457;Oeste
4;1;Escola Municipal;340;Dina De Oliveira;26155850.0;Sao Mateus;S/N;698;Iputinga;2427,5;803;33;24;Nâo;;Sim;Não;Sim;Sim;Flavia Maria Cruz Mota;-34.934;-8.0303;Oeste
4;1;Escola Municipal;18;Divino Espirito Santo;26127520.0;Praca Da Caxanga;127;736;Varzea;2411,7;433;16;17;Sim;;Sim;Sim;Sim;Sim;Juliana Pereira Ramos;-34.953;-8.0306;Oeste
4;1;Escola Municipal;139;Do Dom;26120402.0;Coronel Pacheco;115;736;Varzea;238,7;169;10;10;Sim;17/10/2017;Não;Não;Sim;Sim;Berenice Gomes De Melo;-34.958;-8.048;Oeste
4;1;Escola Municipal;68;Dos Torroes;26127083.0;Doutor Antonio Correia De Oliveira;110;701;Torroes;251,7;188;8;5;Sim;16/10/2017;Não;Não;Não;Não;Jimmyglecia Rego Dos Santos;-34.934;-8.0671;Oeste
4;1;Escola Municipal;292;Doutor Ebenezer Gueiros;26127644.0;Doutor Aluizio Baltar;69;698;Iputinga;945;411;21;16;Nâo;;Sim;Não;Sim;Sim;Rita De Cassia Pereira De Paula Oliveira;-34.932;-8.0369;Oeste
4;1;Escola Municipal;49;Doutor Rodolfo Aureliano;26119641.0;Jose Avelar;211;736;Varzea;1143;635;26;31;Nâo;;Sim;Não;Sim;Sim;Cristiano Da Silva Lima;-34.956;-8.0422;Oeste
4;1;Escola Municipal;440;Doutor Samuel Goncalves;26127547.0;Austro Costa;227;663;Prado;668;183;10;10;Sim;17/02/2017;Não;Não;Não;Não;Maria Edna Dos Santos;-34.918;-8.0587;Oeste
4;1;Escola Municipal;41;Engenho Do Meio;26127377.0;Bom Pastor;1406;710;Engenho Do Meio;1288,7;686;29;22;Sim;03/05/2017;Não;Não;Sim;Sim;Bianca Simonetti Magliano Tenorio;-34.939;-8.0497;Oeste
4;1;Escola Municipal;75;Henfil;26127873.0;Seis De Marco;10;736;Varzea;365,9;216;13;9;Sim;;Não;Não;Sim;Sim;Jaciane Gomes Sousa De Lima Silva;-34.953;-8.0455;Oeste
4;1;Escola Municipal;938;Jader Figueiredo De Andrade Silva;26171732.0;Mucio Uchoa Cavalcante;283;710;Engenho Do Meio;400,9;240;16;10;Sim;;Não;Não;Não;Sim;Noemia Karina Araujo Da Silva;-34.941;-8.0499;Oeste
4;1;Escola Municipal;391;Jader Figueiredo De Andrade Silva - Anex;26171732.0;Antonio O Curado;231;710;Engenho Do Meio;;130;12;10;Nâo;;Não;Não;Sim;Não;;-34.941;-8.0486;Oeste
4;1;Escola Municipal;297;Joao Pessoa Guerra;26127784.0;Isaac Buril;107;736;Varzea;;217;15;12;Nâo;;Não;Não;Sim;Sim;Barbara Daphne Marques De Matos;-34.958;-8.056;Oeste
4;1;Escola Municipal;20;Joao Xxiii;26119897.0;Do Caiara;350;698;Iputinga;1002,3;431;20;21;Nâo;;Não;Não;Sim;Sim;Rosangela Oliveira Neves;-34.93;-8.0415;Oeste
4;1;Escola Municipal;40;Magalhaes Bastos;26120763.0;Francisco Lacerda;S/N;736;Varzea;1297,5;578;26;19;Nâo;17/10/2017;Não;Não;Sim;Sim;Andrea Luciana Cavalcante De Melo;-34.957;-8.0469;Oeste
4;1;Escola Municipal;380;Mercia De Albuquerque Ferreira;26175398.0;Tabaiares;182;760;Ilha Do Retiro;507,3;302;15;12;Nâo;;Não;Não;Sim;Sim;Magda Clarice Ribeiro De Oliveira;-34.906;-8.0655;Oeste
4;1;Escola Municipal;137;Nova Morada;26177978.0;Eliane Fragoso Do Nascimento;24;744;Caxanga;235,2;169;12;9;Sim;25/10/2017;Não;Não;Sim;Sim;Eulalia De Fatima Alves Carneiro;-34.952;-8.0258;Oeste
4;1;Escola Municipal;395;Nova Morada - Anexo I;26177978.0;Dep Jose Francisco De Melo Cavalcanti;409;744;Caxanga;235,2;262;19;15;Sim;25/10/2017;Não;Não;Não;Não;;-34.952;-8.025;Oeste
4;1;Escola Municipal;441;Papa Joao Xxiii;26127458.0;Girua;S/N;710;Engenho Do Meio;1002,3;226;10;10;Sim;;Não;Não;Sim;Não;Erika Colaco Da Cunha Nascimento;-34.945;-8.0566;Oeste
4;1;Escola Municipal;443;Paroquial Cristo Rei;26123266.0;Dom Manuel Da Costa;S/N;655;Torre;668;257;10;8;Nâo;;Sim;Não;Sim;Sim;Luiza Maria Simoes De Barros Mecedo;-34.912;-8.0477;Oeste
4;1;Escola Municipal;67;Prof Elizabeth Sales Coutinho Barros;26121050.0;Professor Avertano Rocha;386;701;Torroes;466,1;237;10;8;Nâo;10/04/2017;Não;Não;Sim;Não;Katia Cristina Dos Anjos Florencio;-34.934;-8.0673;Oeste
4;1;Escola Municipal;347;Professor Joao Batista Lippo Neto;26157845.0;Barao De Cerro Largo;S/N;736;Varzea;1454,4;164;8;8;Nâo;;Não;Não;Sim;Sim;Maria Martins Pereira;-34.99;-8.0354;Oeste
4;1;Escola Municipal;365;Professor Joao Francisco De Souza;26158302.0;Expedicionario Jorge Da Costa Lima;31;736;Varzea;282,5;396;16;13;Nâo;;Não;Não;Sim;Sim;Tarciane Tome Feliciano Do Nascimento;-34.973;-8.0369;Oeste
4;1;Escola Municipal;444;Sao Domingos;26127792.0;Sao Matheus;364;698;Iputinga;668;303;16;15;Sim;26/04/2017;Não;Não;Não;Sim;Noemi Cathia Andrade Silva Lira;-34.935;-8.0384;Oeste
4;1;Escola Municipal;38;Senador Jose Ermirio De Moraes;26119170.0;Roraima;30;736;Varzea;634;360;17;13;Nâo;;Não;Não;Sim;Sim;Sinmonia Ribeiro De Arruda;-34.979;-8.0359;Oeste
4;1;Escola Municipal;964;Sitio Do Berardo;26170710.0;Professor Lins E Silva;S/N;647;Madalena;371,9;162;13;10;Sim;09/06/2017;Não;Não;Não;Sim;Maria Micheline Bezerra De Araujo;-34.914;-8.0558;Oeste
4;1;Escola Municipal;481;Soldado Jose Antonio Do Nascimento Anexo;;Guilherme Pinto;246;647;Madalena;;0;0;0;Nâo;;Sim;Não;Sim;Não;;-34.901;-8.0589;Oeste
4;1;Escola Municipal;331;Vila Santa Luzia;26153475.0;Elizeu Cavalcanti;52;680;Cordeiro;1552,8;501;24;20;Nâo;02/10/2017;Não;Não;Sim;Sim;Monica Pessoa De Melo Oliveira;-34.92;-8.0495;Oeste
4;1;Escola Municipal;34;Zumbi Dos Palmares;26119200.0;Engenheiro Vasconcelos Bittencourt;35;736;Varzea;992,6;565;25;16;Nâo;;Não;Não;Não;Sim;Ana Glaucia De Araujo Silva;-34.951;-8.0408;Oeste
4;2;Creche Municipal;980;Casinha Azul;26157489.0;Sao Mateus;S/N;698;Iputinga;610,5;133;7;7;Sim;;Não;Não;Não;Sim;Flavia Maria Alves Costa;-34.934;-8.0299;Oeste
4;2;Creche Municipal;521;Creche Municipal Ceape;26149214.0;Costa Sepulveda;415;710;Engenho Do Meio;430,3;102;6;6;Nâo;;Não;Não;Não;Não;Mirtes De Oliveira Diniz;-34.94;-8.0541;Oeste
4;2;Creche Municipal;529;Creche Municipal Deus E Amor;26153319.0;Epaminondas Cristovao De Oliveira;395;701;Torroes;189,8;74;4;4;Nâo;;Não;Não;Não;Não;Itala Rebeca Rodrigues De Almeida;-34.935;-8.0612;Oeste
4;2;Creche Municipal;983;Da Torre;26156750.0;Cantora Clara Nunes;S/N;655;Torre;943,5;138;7;7;Nâo;05/04/2017;Não;Não;Sim;Sim;Maria De Fatima Do Nascimento;-34.917;-8.0447;Oeste
4;2;Creche Municipal;526;E Lutando Que Se Conquista;26153408.0;Salvador Allender;36;680;Cordeiro;454,1;94;5;6;Sim;17/02/2017;Não;Não;Não;Sim;Maria Da Conceicao Lemos De Farias;-34.925;-8.0417;Oeste
4;2;Creche Municipal;979;Esperanca;26170736.0;Leila Felix Karan;S/N;817;San Martin;622,6;189;10;9;Sim;16/10/2017;Não;Não;Não;Não;Rosiane Araujo Da Silva;-34.936;-8.0668;Sudeste
4;2;Creche Municipal;547;Joao Eugenio;26157578.0;Gaspar Perez;3895;698;Iputinga;243,5;53;4;5;Sim;;Não;Não;Não;Não;Ivonete Dos Santos Campos;-34.94;-8.0401;Oeste
4;2;Creche Municipal;433;Joao Eugenio - Anx I- Lar Sem Fronteiras;26157578.0;Estevao De Sa;204;736;Varzea;243,5;50;4;3;Sim;;Não;Não;Não;Sim;;-34.947;-8.0376;Oeste
4;2;Creche Municipal;422;Lua Luar;26413779.0;Mauricio De Nassau;42;698;Iputinga;232,8;69;4;4;Sim;26/04/2017;Não;Não;Não;Não;Riselia Bezerra Da Silva Andrade;-34.93;-8.0384;Oeste
4;2;Creche Municipal;527;Menino Jesus Da Bomba Grande;26153416.0;Nossa Senhora Da Saude;479;698;Iputinga;240,2;56;4;3;Sim;11/05/2017;Não;Não;Não;Sim;Severina Valkiria Do Nascimento;-34.928;-8.0418;Oeste
4;2;Creche Municipal;536;Nossa Senhora Auxiliadora;26153300.0;Doutor Antonio Correia De Oliveira;669;701;Torroes;162,7;37;2;2;Nâo;;Não;Não;Não;Não;Ana Claudia De Araujo;-34.933;-8.0666;Oeste
4;2;Creche Municipal;984;Roda De Fogo;26156849.0;Ocidental;33;680;Cordeiro;850;49;4;4;Nâo;;Não;Não;Não;Não;Monica Augusta De Souza;-34.933;-8.0524;Oeste
4;2;Creche Municipal;554;Rosa Selvagem;26153114.0;Porto Seguro;470;736;Varzea;252,5;57;3;3;Sim;;Não;Não;Não;Não;Isabel Cristina Dos Santos;-34.977;-8.0318;Oeste
4;2;Creche Municipal;981;Vinde A Mim As Criancinhas;26157560.0;Edeia;S/N;647;Madalena;164,9;41;2;2;Sim;17/02/2017;Não;Não;Sim;Não;Ana Nery De Miranda;-34.912;-8.0558;Oeste
4;2;Creche Municipal;525;Waldir Savluschinske;26153351.0;Alvaro Teixeira Mesquita;S/N;710;Engenho Do Meio;866,6;134;7;8;Nâo;03/05/2017;Não;Não;Sim;Não;Sandra Raquel Maia Garrido;-34.939;-8.0504;Oeste
4;5;Cmei;437;Alcides Restelli Tedesco;26181835.0;Fausto Cardoso;653;647;Madalena;850;230;12;11;Sim;17/02/2017;Não;Não;Sim;Não;Irene Rezende Pereira;-34.915;-8.0527;Oeste
4;5;Cmei;399;Professor Paulo Rosas;26212412.0;Professor Luiz Freire;Sn;728;Cidade Universitaria;780,1;117;6;6;Nâo;;Não;Não;Sim;Sim;Keila Patricia Vanderlei Macedo;-34.956;-8.0563;Oeste
4;5;Cmei;528;Sementinha Do Skylab;26153246.0;Itaparinga;Sn;698;Iputinga;280,3;152;7;5;Nâo;;Não;Não;Sim;Não;Carla Roberta Fraga Souza;-34.928;-8.0327;Oeste
4;8;Creche Esc.Recife;74;Associacao Crista Feminina;26123185.0;;68;655;Torre;;151;8;6;Nâo;;Não;Não;Não;Não;Karla Cabral Barroca;-34.909;-8.0421;Oeste
4;8;Creche Esc.Recife;449;Cmei Darcy Ribeiro;26182815.0;Odete Monteiro;450;680;Cordeiro;850;90;5;5;Nâo;;Não;Não;Não;Não;Elione Rios Das Neves;-34.92;-8.0455;Oeste
4;8;Creche Esc.Recife;478;Creche Escola Recife Miguel Arraes De Alencar;26186926.0;Aristoncio De Oliveira;189;698;Iputinga;;108;5;5;Nâo;;Não;Não;Não;Não;Ana Paula De Farias Cordeiro Leite;-34.94;-8.0294;Oeste
4;8;Creche Esc.Recife;134;Maria Luzinete Da Costa;26191695.0;;190;760;Ilha Do Retiro;;62;4;4;Nâo;;Não;Não;Não;Não;Lucicleide Gomes De Araujo Barros;;;Oeste
4;8;Creche Esc.Recife;8;Miguel Arraes Roda De Fogo;26190362.0;;S/N;701;Torroes;;226;10;7;Nâo;;Não;Não;Sim;Não;Wilnne Do Carmo Silva Barros;;;Oeste
4;8;Creche Esc.Recife;533;Santa Luzia;26153335.0;Souza Bandeira;S/N;655;Torre;510,7;126;7;7;Nâo;03/04/2018;Não;Não;Sim;Não;Gloria Rejane Cavalcanti De Souza;-34.916;-8.0451;Oeste
4;8;Creche Esc.Recife;982;Sitio Do Cardoso;26156628.0;Padre Landim;390;647;Madalena;631,8;138;8;9;Nâo;;Não;Não;Não;Sim;Joselma Luiza De Araujo Silva;-34.912;-8.0492;Oeste
5;1;Escola Municipal;962;Alto Da Bela Vista;26123380.0;Alto Da Bela Vista;338;922;Coqueiral;127,3;114;6;4;Nâo;03/07/2017;Não;Não;Não;Não;Luciana Da Silva Martins;-34.968;-8.0847;Sudeste
5;1;Escola Municipal;411;Alto Da Bela Vista - Anexo I;26123380.0;Alto Da Bela Vista;369;922;Coqueiral;127,3;72;5;3;Nâo;03/07/2017;Não;Não;Não;Não;;-34.968;-8.0845;Sudeste
5;1;Escola Municipal;102;Andre De Melo;26123541.0;Moraes E Silva;180;833;Estancia;1110;578;26;29;Nâo;09/04/2018;Não;Não;Sim;Sim;Sandra Bonifacio De Albuquerque;-34.93;-8.0837;Sudeste
5;1;Escola Municipal;14;Antonio Farias Filho;26117576.0;Vinte E Um De Abril;S/N;817;San Martin;1789;796;34;34;Nâo;;Sim;Não;Sim;Sim;Sandra Maria Ferreira Nascimento Xavier;-34.925;-8.0726;Sudeste
5;1;Escola Municipal;100;Balbina Menelau;26120682.0;Joao De Andrade;82;868;Jardim Sao Paulo;680;346;18;11;Nâo;16/02/2017;Não;Sim;Sim;Sim;Marluce Maria Lucia De Araujo;-34.949;-8.0831;Sudeste
5;1;Escola Municipal;73;Casa Dos Ferroviarios;26123444.0;Dr Jose Cornelio;84;922;Coqueiral;471,2;413;23;20;Nâo;;Não;Não;Sim;Sim;Dilma Lima Da Silva;-34.965;-8.0904;Sudeste
5;1;Escola Municipal;974;Chico Mendes;26170779.0;Do Campo;S/N;841;Cacote;227,3;437;21;14;Sim;31/10/2017;Não;Não;Sim;Sim;Celi Vieira Da Rocha;-34.932;-8.1032;Sudeste
5;1;Escola Municipal;2;De Tejipio;26123550.0;Tutoia;165;922;Coqueiral;757,8;460;20;25;Nâo;08/02/2017;Não;Não;Sim;Sim;Marcelle Pereira De Lima Barbosa;-34.964;-8.092;Sudeste
5;1;Escola Municipal;948;Do Barro;26168073.0;Guiragibe;117;876;Barro;244,6;194;10;8;Nâo;;Não;Não;Sim;Sim;Lilia Maria Da Silva Santos Aguiar;-34.942;-8.0888;Sudeste
5;1;Escola Municipal;927;Do Pantanal;26168111.0;Padre Diogo;240;876;Barro;195;138;9;4;Sim;16/04/2018;Não;Não;Não;Não;Katia Paixao Da Silva;-34.958;-8.1062;Sudeste
5;1;Escola Municipal;952;Do Pantanal - Anexo I;26168111.0;Padre Diogo Rodrigues;35;876;Barro;195;108;6;4;Sim;16/04/2018;Não;Não;Não;Não;;-34.958;-8.1063;Sudeste
5;1;Escola Municipal;995;Do Pantanal - Anexo Ii;26168111.0;Presidente Medice;115;876;Barro;195;66;4;3;Sim;16/04/2018;Não;Não;Não;Não;;-34.958;-8.1068;Sudeste
5;1;Escola Municipal;950;Do Sancho;26168120.0;Joao Ferreira;427;906;Sancho;759;349;20;17;Nâo;;Não;Sim;Sim;Sim;Marcia Rejane Da Silva;-34.96;-8.0872;Sudeste
5;1;Escola Municipal;29;Dom Bosco;26123487.0;Alvenopolis;600;868;Jardim Sao Paulo;1652;445;14;16;Nâo;;Não;Sim;Sim;Sim;Jose Gomes Dos Santos;-34.948;-8.0794;Sudeste
5;1;Escola Municipal;84;Dos Remedios;26119145.0;Do Bongi;91;663;Prado;732,5;361;22;15;Nâo;19/06/2017;Sim;Não;Sim;Sim;Iracema Porto Valenca Dos Santos;-34.909;-8.0687;Oeste
5;1;Escola Municipal;89;Doutor Antonio Correia;26123495.0;Manoel Salvador;360;876;Barro;373;206;17;13;Nâo;02/04/2018;Não;Não;Não;Não;Flavia Renata Farias Pugliesi;-34.942;-8.0888;Sudeste
5;1;Escola Municipal;291;Edite Braga;26123088.0;Nicolau Pereira;85;779;Afogados;331,2;358;19;19;Nâo;;Não;Não;Sim;Não;Edmilsa Josefa De Santana;-34.905;-8.0791;Sudeste
5;1;Escola Municipal;602;Escola Santa Luzia;26190915.0;Professor Caldas Filho;186;833;Estancia;;396;16;17;Nâo;;Sim;Não;Sim;Sim;George Da Silva Pereira;-34.928;-8.0853;Sudeste
5;1;Escola Municipal;76;General San Martin;26119617.0;General San Martin;1864;817;San Martin;762,7;409;20;14;Nâo;;Não;Não;Não;Sim;Elisangela Da Silva Ribeiro;-34.928;-8.0673;Sudeste
5;1;Escola Municipal;917;Governador Miguel Arraes De Alencar;26177951.0;Tapajos;419;833;Estancia;708,5;514;27;20;Sim;03/07/2017;Sim;Não;Sim;Sim;Maria Salviana Santos De Santana;-34.925;-8.0924;Sudeste
5;1;Escola Municipal;24;Hugo Gerdau;26120810.0;Coronel Mizael De Mendonca;S/N;817;San Martin;645,5;407;17;17;Sim;12/04/2017;Sim;Não;Sim;Sim;Maridja Araujo De Melo;-34.936;-8.0695;Sudeste
5;1;Escola Municipal;371;Isaac Pereira Da Silva;26158310.0;Oiticica Lins;S/N;850;Areias;613,8;249;12;8;Sim;;Não;Não;Sim;Sim;Maria Lucia De Sena Tenorio Santos;-34.934;-8.0932;Sudeste
5;1;Escola Municipal;304;Jardim Uchoa;26158280.0;Palmares;211;850;Areias;404,7;271;15;12;Sim;11/12/2017;Não;Sim;Não;Sim;Flavia Regina Guerra Camara;-34.936;-8.0948;Sudeste
5;1;Escola Municipal;101;Manoel Rolim;26134057.0;Pajussara;57;892;Tejipio;154,5;105;9;8;Nâo;02/04/2018;Não;Não;Não;Sim;Valdete De Oliveira Menezes;-34.948;-8.0878;Sudeste
5;1;Escola Municipal;941;Manoel Rolim - Anexo I;26134057.0;Pajussara;60;868;Jardim Sao Paulo;154,5;93;8;8;Nâo;02/04/2018;Não;Não;Não;Sim;;-34.948;-8.0878;Sudeste
5;1;Escola Municipal;136;Marechal Rondon;26123630.0;;3305;892;Tejipio;;426;14;14;Nâo;;Não;Não;Sim;Não;Andrea Cristina Da Silva Costa;;;Sudeste
5;1;Escola Municipal;98;Padre Jose De Anchieta;26119331.0;Capitao Adolfo Taquis;S/N;787;Mustardinha;850,2;535;22;20;Sim;05/07/2017;Não;Sim;Sim;Sim;Sandra Costa Souza;-34.917;-8.0733;Sudeste
5;1;Escola Municipal;72;Padre Jose Mathias Delgado;26120780.0;Doutor Devaldo Borges;S/N;868;Jardim Sao Paulo;826,5;443;21;16;Nâo;;Sim;Não;Não;Sim;Maria Helena Siqueira Jacobine;-34.94;-8.079;Sudeste
5;1;Escola Municipal;354;Parque Dos Milagres;26164701.0;Cantor Leandro;S/N;876;Barro;357,1;209;10;6;Nâo;;Não;Não;Não;Não;Adriana Dos Santos Moura;-34.949;-8.106;Sudeste
5;1;Escola Municipal;419;Parque Dos Milagres - Anexo Ii;26164701.0;Cantor Capiba;30;876;Barro;357,1;229;12;10;Nâo;;Não;Não;Não;Não;;-34.949;-8.1059;Sudeste
5;1;Escola Municipal;972;Poeta Carlos Pena Filho;26170795.0;Itamonte;461;868;Jardim Sao Paulo;850;279;15;13;Nâo;16/02/2017;Não;Não;Sim;Sim;Maria Lucia Porto De Lucena;-34.955;-8.0809;Sudeste
5;1;Escola Municipal;335;Professor Antonio De Brito Alves;26153386.0;Ernesto Cavalcanti;41;787;Mustardinha;1515;834;33;32;Nâo;05/07/2017;Sim;Não;Sim;Sim;Valeria Da Fonseca Silva;-34.918;-8.0738;Sudeste
5;1;Escola Municipal;339;Professor Potiguar Matos;26154137.0;Vinte E Um De Abril;2191;817;San Martin;1151,3;415;16;14;Nâo;;Não;Não;Sim;Sim;Gerlane Rodrigues Da Silva Araujo;-34.925;-8.0726;Sudeste
5;1;Escola Municipal;64;Professora Maria Da Paz Brandao Alves;26120569.0;Da Felicidade;51;906;Sancho;1229,2;580;29;20;Nâo;08/02/2017;Não;Sim;Sim;Sim;Claudia Vidal Da Silva Pereira;-34.961;-8.0823;Sudeste
5;1;Escola Municipal;290;Professora Primitiva De Barros Silva;26123649.0;Ator Elpidio Camara;122;868;Jardim Sao Paulo;403;223;13;10;Nâo;;Não;Não;Sim;Não;Cibele Cristina Oliveira Da Silva;-34.938;-8.0835;Sudeste
5;1;Escola Municipal;269;Santa Edwiges;26123100.0;Juriti;41;779;Afogados;202,5;132;10;5;Sim;;Não;Não;Não;Não;Alana Barreto Lopes;-34.907;-8.0699;Sudeste
5;1;Escola Municipal;81;Santo Antonio Do Cacote;26123673.0;Guaraci;16;850;Areias;209;184;12;9;Sim;;Não;Não;Sim;Não;Maria Do Socorro Dos Santos Machado;-34.929;-8.1002;Sudeste
5;1;Escola Municipal;83;Vila Sao Miguel;26123126.0;Rubiacea;147;779;Afogados;619,9;409;18;13;Sim;;Não;Não;Sim;Sim;Elaine Rozental De Brito;-34.912;-8.0841;Sudeste
5;1;Escola Municipal;182;Waldemar Valente;26124076.0;Gastao De Carvalho;360;752;Curado;534,2;281;15;11;Sim;16/02/2017;Não;Sim;Sim;Sim;Suely Pereira Beltrao;-34.947;-8.076;Sudeste
5;2;Creche Municipal;548;Bido Krause;26148145.0;Onze De Agosto;S/N;914;Toto;1072;99;5;6;Nâo;;Não;Não;Não;Não;Isabelle Cristine Ferreira Medino;-34.969;-8.0797;Sudeste
5;2;Creche Municipal;524;Creche Municipal Chico Mendes;26167859.0;Sindicato Dos Vigilantes;633;841;Cacote;98,4;30;3;4;Nâo;;Não;Não;Não;Não;Jose Alyson Lopes De Oliveira;-34.932;-8.1015;Sudeste
5;2;Creche Municipal;537;Creche Municipal Novo Horizonte;26153394.0;Jose Bezerra Cavalcanti;244;787;Mustardinha;;64;4;4;Nâo;;Não;Não;Não;Não;Alzira Cristina Melo;-34.92;-8.0711;Sudeste
5;2;Creche Municipal;986;De Afogados;26156792.0;Cerro Negro;215;779;Afogados;571,8;172;9;7;Nâo;;Não;Não;Sim;Não;Janaina Augusta De Lima Airola;-34.911;-8.0843;Sudeste
5;2;Creche Municipal;988;Do Bongi;26156725.0;Major Mario Portela;S/N;809;Bongi;453,6;163;7;8;Sim;19/06/2017;Não;Não;Sim;Não;Yjanui De Lourdes Leal Heliodoro Calixto;-34.915;-8.0667;Sudeste
5;2;Creche Municipal;535;Futuro Do Amanha;26153254.0;Apulcru De Assuncao;686;817;San Martin;307,1;78;4;4;Nâo;12/04/2017;Não;Não;Não;Não;Ana Paula Do Carmo De Santana;-34.929;-8.073;Sudeste
5;2;Creche Municipal;476;Isabel Silvana De Melo;26186330.0;Avenida Doze De Junho;Sn;876;Barro;;55;4;4;Nâo;16/04/2018;Não;Não;Não;Não;Katia Maria Carneiro Camilo;-34.954;-8.109;Sudeste
5;2;Creche Municipal;505;Recife 2000;26153130.0;Rio Solimoes;S/N;850;Areias;472;145;8;8;Nâo;;Não;Não;Não;Sim;Fabiana Miranda Misael;-34.937;-8.0975;Sudeste
5;5;Cmei;987;Da Mangueira;26156776.0;21 De Abril;1555;795;Mangueira;499,5;120;6;5;Nâo;;Não;Não;Sim;Não;Sandra Cristina De Souza Gamboa;-34.921;-8.0748;Sudeste
5;5;Cmei;551;Nosso Senhor Jesus Do Bonfim;26153262.0;Teixeira De Melo;56;833;Estancia;625;95;6;6;Nâo;;Não;Não;Não;Não;Maria Amanda Vitorino Da Silva;-34.93;-8.0812;Sudeste
5;8;Creche Esc.Recife;603;Creche Escola Recife Da Estancia;26190923.0;Professor Caldas Filho;186;833;Estancia;;198;10;10;Nâo;;Não;Não;Não;Sim;Alba Valeria De Lima Falcao Bezerra;-34.928;-8.0853;Sudeste
5;8;Creche Esc.Recife;439;Creche Escola Recife Governador Miguel Arraes;26185180.0;Doutor Gil Rodrigues Dos Santos;10;850;Areias;;254;16;11;Nâo;;Não;Não;Sim;Sim;Elizabeth Santiago Moura;-34.923;-8.0958;Sudeste
5;8;Creche Esc.Recife;454;Do Iraque;26184648.0;Havai;S/N;833;Estancia;;108;6;7;Nâo;09/04/2018;Não;Não;Não;Sim;Rayane Ferreira Cabral De Azevedo;-34.929;-8.0874;Sudeste
5;8;Creche Esc.Recife;492;Mauriceia Da Silva Dias;26188368.0;Presidente Medici;35;876;Barro;;168;8;6;Nâo;;Não;Não;Sim;Não;Glayce Kariny Goncalves Silva Ferreira;;;Sudeste
5;8;Creche Esc.Recife;474;Presidente Tancredo Neves;26186322.0;Doutor Jose Rufino;1848;876;Barro;;211;11;11;Nâo;;Não;Não;Sim;Não;Severino Rafael Da Silva;-34.939;-8.0923;Sudeste
5;8;Creche Esc.Recife;140;Tia Madalena;26192586.0;;39;752;Curado;;129;8;6;Nâo;;Não;Não;Não;Não;Lilian Beatriz Dos Santos Ribeiro;-99.999;-8.111;Sudeste
6;1;Escola Municipal;146;Abilio Gomes;26124092.0;Bruno Velozo;S/N;205;Boa Viagem;325,6;313;17;11;Nâo;12/12/2017;Não;Não;Não;Não;Marta Beatriz De Araujo;-34.906;-8.1209;Sul
6;1;Escola Municipal;144;Artista Plastico Cicero Dias;26171716.0;Joao Joaquim De Melo Filho;290;884;Cohab;133;460;24;22;Nâo;04/05/2017;Não;Não;Sim;Não;Maria Inez Da Silva;-34.949;-8.1323;Sul
6;1;Escola Municipal;967;Asa Branca;26170639.0;Maria Adelaide Castelo Branco;55;884;Cohab;250,9;263;12;8;Nâo;28/08/2017;Não;Não;Sim;Não;Maria Vilma Perazzo Leite;-34.949;-8.1241;Sul
6;1;Escola Municipal;183;Beato Eugenio Mazenod;26124467.0;Luxemburgo;303;264;Imbiribeira;541,6;323;17;12;Sim;;Não;Não;Não;Não;Ruth Helena Reinaux Da Silva;-34.913;-8.1015;Sul
6;1;Escola Municipal;107;Capela Santo Antonio;26124483.0;Sao Marcos;S/N;264;Imbiribeira;1420,7;150;10;8;Nâo;;Não;Não;Não;Sim;Walkiria Rejane Queiroz Alves De Gois;-34.902;-8.0871;Sul
6;1;Escola Municipal;997;Carlucio De Souza Castanha Junior;26171767.0;Pernambuco;S/N;884;Cohab;1590,3;520;24;14;Nâo;;Não;Não;Sim;Sim;Aguinaldo Gomes Da Silva Filho;-34.946;-8.1213;Sul
6;1;Escola Municipal;16;Cicero Franklin Cordeiro;26124513.0;Felipe Dos Santos;111;884;Cohab;1420,7;537;21;20;Nâo;14/02/2017;Não;Sim;Sim;Sim;Bruno Junior Paz Barreto;-34.954;-8.1361;Sul
6;1;Escola Municipal;37;Clarice Lispector;26190079.0;;S/N;213;Ipsep;;321;19;10;Nâo;;Sim;Não;Sim;Sim;Daniella Carla Jeronimo Da Silva;-34.925;-8.1037;Sul
6;1;Escola Municipal;213;Cristiano Cordeiro;26133837.0;Santos;S/N;884;Cohab;1061,3;520;31;16;Nâo;;Não;Não;Sim;Sim;Sandra Maria Albuquerque Gaspar De Oliveira;-34.953;-8.1149;Sul
6;1;Escola Municipal;116;De Dois Rios;26119129.0;Irma Maria Evangelista;83;884;Cohab;703,9;301;17;10;Sim;28/08/2017;Não;Não;Sim;Sim;Carla Cristiane Alexandre Ferreira;-34.944;-8.1269;Sul
6;1;Escola Municipal;374;Deputado Edson Cantarelli;26158329.0;Rubineia;49;230;Ibura;603,1;341;20;16;Sim;28/06/2017;Não;Não;Sim;Sim;Andrea Maria Lins Dos Santos Bezerra;-34.938;-8.1299;Sul
6;1;Escola Municipal;33;Do Jordao;26120704.0;Silva Jardim;175;221;Jordao;397,8;241;14;12;Nâo;;Não;Não;Sim;Não;Cristiane Morais Da Costa;-34.928;-8.139;Sul
6;1;Escola Municipal;105;Do Leao;26120712.0;Bruno Veloso;300;205;Boa Viagem;412;215;12;10;Nâo;;Não;Não;Não;Não;Wanusia De Oliveira Silva Lima;-34.898;-8.1215;Sul
6;1;Escola Municipal;435;Dona Luci Silva Lima;26181940.0;Monaco;1138;264;Imbiribeira;850;160;12;10;Sim;27/04/2017;Não;Não;Não;Não;Herminia Luisa Calado Galindo;-34.916;-8.0987;Sul
6;1;Escola Municipal;298;Educador Paulo Freire;26148161.0;General Bento Da Gama;301;213;Ipsep;1499,8;516;29;21;Nâo;;Sim;Não;Sim;Sim;Patricia Chaves Da Silva;-34.923;-8.1103;Sul
6;1;Escola Municipal;28;Engenheiro Guilherme Diniz;26120607.0;Tereza Margarida;S/N;230;Ibura;860;382;23;14;Nâo;14/02/2017;Não;Não;Sim;Sim;Alessandra Maria Marques Cunha Guimaraes;-34.961;-8.1342;Sul
6;1;Escola Municipal;309;Engenheiro Henoch Coutinho De Melo;26155869.0;Das Oficinas;12;248;Pina;1090;337;19;12;Nâo;;Não;Não;Sim;Sim;Roberta Fraga Gameiro;-34.883;-8.0848;Sul
6;1;Escola Municipal;114;Engenheiro Umberto Gondim;26120674.0;Ivonete Ferreira Da Silva;13;248;Pina;836,7;407;22;17;Nâo;;Não;Não;Sim;Não;Roseane Maria Couto Da Silva;-34.884;-8.0847;Sul
6;1;Escola Municipal;447;Escritor Josue De Castro;26124955.0;Carapeba;S/N;256;Brasilia Teimosa;;201;8;5;Nâo;;Não;Não;Sim;Sim;Kelly Nascimento De Goes Cavalcanti;-34.881;-8.0843;Sul
6;1;Escola Municipal;249;Fernando Santa Cruz;26132643.0;Boanerges Pereira;437;221;Jordao;260;130;6;5;Nâo;;Não;Não;Não;Sim;Ivaneide Ferreira De Paula;-34.941;-8.1373;Sul
6;1;Escola Municipal;245;Florestan Fernandes;26139090.0;Rio Novo Do Sul;541;230;Ibura;1308,7;825;33;39;Nâo;22/02/2017;Não;Não;Sim;Sim;Ana Karla Pereira Da Silva;-34.942;-8.1157;Sul
6;1;Escola Municipal;141;Futuro Feliz;26124610.0;Ibirajuba;440;230;Ibura;598,4;217;12;8;Nâo;;Não;Não;Não;Sim;Areli Da Mota Cunha;-34.955;-8.1265;Sul
6;1;Escola Municipal;926;Ibura De Baixo;26168227.0;Rio Novo Do Sul;498;230;Ibura;348;315;14;10;Nâo;22/02/2017;Não;Não;Não;Sim;Mercia Gomes De Moura;-34.942;-8.1147;Sul
6;1;Escola Municipal;69;Ines Soares De Lima;26134010.0;14 De Novembro;S/N;264;Imbiribeira;450,3;218;12;9;Sim;;Não;Não;Sim;Sim;Keyla Maria Beltrao De Souza;-34.912;-8.1206;Sul
6;1;Escola Municipal;148;Jardim Mauriceia;26125480.0;Nicolau Copernico;1107;264;Imbiribeira;500,9;191;14;13;Nâo;;Não;Sim;Sim;Sim;Claudia Maria Felipe De Almeida;-34.914;-8.0893;Sul
6;1;Escola Municipal;963;Jardim Monte Verde;26170663.0;Chapada Do Araripe;51;884;Cohab;131,7;518;24;17;Nâo;;Não;Não;Sim;Sim;Maria Bernadete Da Silva;-34.958;-8.1169;Sul
6;1;Escola Municipal;246;Jordao Baixo;26132635.0;Governador Roberto Silveira;51;221;Jordao;490,5;132;6;4;Sim;28/06/2017;Não;Não;Sim;Sim;Terezinha De Jesus De Souza Gomes;-34.938;-8.1309;Sul
6;1;Escola Municipal;954;Jordao Baixo - Anexo I;26132635.0;Governador Roberto Da Silveira;52;221;Jordao;490,5;121;6;5;Sim;28/06/2017;Não;Não;Não;Sim;;-34.938;-8.131;Sul
6;1;Escola Municipal;372;Jose Mucio Monteiro;26164361.0;Joao Rio Branco De Lima;125;884;Cohab;587,5;222;14;10;Nâo;10/02/2017;Não;Não;Sim;Sim;Sandra Veronica Barbosa;-34.952;-8.1274;Sul
6;1;Escola Municipal;110;Karla Patricia;26134002.0;Professor Eduardo Wanderley Filho;700;205;Boa Viagem;1711,9;576;34;29;Nâo;04/04/2018;Sim;Não;Sim;Sim;Christiane Marinho Da Silva;-34.895;-8.109;Sul
6;1;Escola Municipal;82;Lagoa Encantada;26124114.0;Doutor Benigno Jordao De Vasconcelos;S/N;884;Cohab;355,8;182;12;11;Sim;;Sim;Não;Sim;Não;Sileide Maria Goncalves Do Nascimento;-34.95;-8.123;Sul
6;1;Escola Municipal;15;Luiz Vaz De Camoes;26119927.0;Erval;508;213;Ipsep;815,9;519;17;20;Nâo;;Sim;Não;Sim;Sim;Joao Marcelino Da Costa Melo;-34.921;-8.1102;Sul
6;1;Escola Municipal;956;Maestro Nelson Ferreira;26170671.0;Avelino Chaves;176;230;Ibura;262;111;6;5;Sim;;Não;Não;Não;Sim;Camilla Veruska Silva Reis;-34.935;-8.1254;Sul
6;1;Escola Municipal;26;Margarida Serpa Cossart;26124700.0;Mecejana;09;884;Cohab;268,1;251;14;12;Nâo;06/02/2017;Não;Não;Não;Não;Ana Maria Feitosa Apolinario Rosas;-34.955;-8.1199;Sul
6;1;Escola Municipal;31;Maria Adelaide De Barros;26124688.0;Alto Erval Novo;S/N;884;Cohab;570,8;314;18;10;Nâo;14/02/2017;Sim;Não;Não;Sim;Leila Maria De Almeida Silva Pessoa;-34.953;-8.1388;Sul
6;1;Escola Municipal;10;Maria De Sampaio Lucena;26124556.0;Pernambuco;S/N;884;Cohab;1162,9;414;15;18;Nâo;;Sim;Não;Sim;Sim;Amaro Antonio Da Silva;-34.946;-8.1209;Sul
6;1;Escola Municipal;511;Menino Jesus;26124840.0;Domingos Ferreira;S/N;248;Pina;240,2;119;5;5;Nâo;;Não;Não;Não;Sim;Eroflim Joao De Queiroz;-34.887;-8.1002;Sul
6;1;Escola Municipal;424;Milton Almeida Dos Santos;26419726.0;Itauba 2;227;264;Imbiribeira;290;144;12;11;Nâo;;Não;Não;Sim;Não;Rosangela Gusmao De Souza Cordeiro;-34.909;-8.1102;Sul
6;1;Escola Municipal;150;Nossa Senhora Da Penha;26134049.0;Francisco De Barros Barreto;109;205;Boa Viagem;344,6;225;15;12;Nâo;15/06/2017;Não;Não;Não;Não;Alexandra Lima Da Paixao Sturiale;-34.904;-8.1298;Sul
6;1;Escola Municipal;112;Novo Pina;26119994.0;Eurico Vitruvio;236;248;Pina;494,1;455;22;15;Nâo;;Sim;Não;Sim;Sim;Waleska Bastos Barros;-34.887;-8.0922;Sul
6;1;Escola Municipal;121;Oswaldo Lima Filho;26125510.0;Engenheiro Domingos Ferreira;1040;248;Pina;1396;624;26;30;Nâo;;Sim;Não;Sim;Sim;Elma Maria Dos Prazeres Mota Cavalcanti;-34.886;-8.0988;Sul
6;1;Escola Municipal;70;Pais E Filhos;26125528.0;Dancing Days;21;264;Imbiribeira;500,1;351;21;12;Sim;27/04/2017;Não;Não;Não;Não;Eveline Bezerril Campos Fell;-34.918;-8.1038;Sul
6;1;Escola Municipal;348;Pastor Jose Munguba Sobrinho;26157888.0;Silva Jardim;145;221;Jordao;620;295;14;11;Nâo;;Não;Não;Sim;Não;Rosinalva Monteiro Da Silva;-34.928;-8.1395;Sul
6;1;Escola Municipal;491;Paz E Amor;26187957.0;Jornalista Edsou Regis;216;230;Ibura;;134;10;6;Nâo;;Não;Não;Não;Não;Ozanira Maria Pereira Gomes Da Silva;-34.93;-8.114;Sul
6;1;Escola Municipal;106;Pintor Lula Cardoso Ayres;26132249.0;Dr Alvaro Ferraz;594;221;Jordao;465,6;299;14;10;Nâo;;Não;Não;Sim;Sim;Florismam Lima De Oliveira;-34.937;-8.1311;Sul
6;1;Escola Municipal;928;Poeta Joao Cabral De Melo Neto;26168138.0;Encanta Moca;377;248;Pina;596,3;305;14;11;Sim;;Não;Não;Não;Sim;Cinthia Ferreira Da Silva;-34.885;-8.0916;Sul
6;1;Escola Municipal;164;Poeta Paulo Bandeira Da Cruz;26125544.0;Das Panelas;28;884;Cohab;1572,5;485;24;16;Sim;06/02/2017;Não;Não;Não;Sim;Maria Andreza Cabral Da Silva;-34.955;-8.1219;Sul
6;1;Escola Municipal;108;Prof Jose Lourenco De Lima;26125560.0;Nova America;168;230;Ibura;950,9;391;19;12;Nâo;;Não;Não;Sim;Sim;Ana Maria Trajano De Vasconcelos;-34.941;-8.1221;Sul
6;1;Escola Municipal;32;Professor Adauto Pontes;26125552.0;Sertania;35;221;Jordao;573;260;12;8;Nâo;;Não;Não;Não;Sim;Simone Siqueira Franklin;-34.944;-8.1354;Sul
6;1;Escola Municipal;336;Professor Enaldo Manoel De Souza;26153297.0;Juracy Camargo;S/N;221;Jordao;1511,2;418;21;16;Nâo;;Não;Não;Sim;Sim;Amanda Lizete Araujo Rocha;-34.94;-8.1349;Sul
6;1;Escola Municipal;373;Professor Julio De Oliveira;26158299.0;Dezesseis;S/N;264;Imbiribeira;1889,8;453;21;13;Nâo;;Não;Sim;Sim;Sim;Izabel Cristina Dos Santos Soares Santana;-34.908;-8.0993;Sul
6;1;Escola Municipal;127;Professor Manoel Torres;26124661.0;Joaquim Pinheiro;225;264;Imbiribeira;305,1;527;25;19;Sim;;Não;Não;Sim;Sim;Adelia Ximenes Sales Da Paz;-34.911;-8.1267;Sul
6;1;Escola Municipal;375;Professor Orlando Parahym;26158370.0;Soldado Virgilio Lucio;104;884;Cohab;430,7;182;12;10;Nâo;;Não;Não;Não;Não;Rosangela Cristine Jardim De Lima;-34.947;-8.1275;Sul
6;1;Escola Municipal;188;Professor Simoes Barbosa;26124815.0;Dois Rios;S/N;230;Ibura;966,1;597;29;17;Sim;;Não;Não;Não;Sim;Silvia Patricia Bezerra Rocha;-34.939;-8.115;Sul
6;1;Escola Municipal;341;Professor Solano Magalhaes;26154820.0;Jemil Asfora;S/N;248;Pina;1161,1;362;20;15;Nâo;;Sim;Não;Sim;Não;Maria Da Conceicao Cunha Cordeiro De Melo;-34.893;-8.0879;Sul
6;1;Escola Municipal;88;Professora Sonia Maria De Araujo Souza;26120585.0;Bodoco;2526;221;Jordao;374,6;207;15;13;Nâo;;Não;Não;Sim;Não;Genedi Maria Da Silva;-34.942;-8.1369;Sul
6;1;Escola Municipal;186;Sao Francisco De Assis;26125579.0;Cosmorama;900;205;Boa Viagem;465,9;243;18;16;Sim;06/09/2017;Não;Não;Não;Não;Maria Goreth Nunes De Oliveira;-34.912;-8.1452;Sul
6;1;Escola Municipal;360;Serra Da Prata;26167808.0;Pessegueiros;20;884;Cohab;164;134;11;8;Nâo;10/02/2017;Não;Não;Não;Não;Elaine Jaqueline Dias Da Silva Santos;-34.954;-8.1312;Sul
6;1;Escola Municipal;247;Severina Bernadete Teixeira;26134067.0;Ibicare;120;884;Cohab;718;336;16;10;Sim;;Não;Não;Não;Sim;Wagner De Assis Batista;-34.956;-8.1246;Sul
6;1;Escola Municipal;25;Tres Carneiros;26119196.0;Ibiraja;12;884;Cohab;563,5;300;16;12;Sim;06/09/2017;Não;Não;Sim;Não;Edna Felix Da Silva;-34.959;-8.1255;Sul
6;1;Escola Municipal;929;Ur 05;26167840.0;Desembargador Thomaz Cyrilo Wanderley;48;884;Cohab;178,1;193;12;10;Nâo;04/05/2017;Não;Não;Não;Sim;Manali Clementina Dos Santos;-34.95;-8.1336;Sul
6;1;Escola Municipal;103;Vila Operaria Do Recife;26120283.0;Emilio Monteiro Fonseca;1530;230;Ibura;725,1;292;14;12;Nâo;;Não;Não;Sim;Não;Maria De Fatima Alves;-34.936;-8.1241;Sul
6;1;Escola Municipal;30;Vila Sesamo;26121158.0;Vale Do Cariri;65;884;Cohab;852,7;733;25;29;Nâo;04/05/2017;Não;Não;Não;Sim;Ana Paula De Araujo Cavalcanti De Barros;-34.95;-8.1337;Sul
6;1;Escola Municipal;434;14 Bis;26124173.0;Almirante Nelso Fernandes;Sn;205;Boa Viagem;850;318;14;12;Nâo;15/06/2017;Não;Sim;Não;Sim;Mercia Graziela Da Silva;-34.908;-8.1316;Sul
6;1;Escola Municipal;133;27 De Novembro;26154846.0;Doze De Junho;1120;884;Cohab;392,1;257;12;10;Sim;;Não;Não;Não;Sim;Renata Michelle Da Silva;-34.953;-8.1115;Sul
6;2;Creche Municipal;994;Aritana;26171643.0;Manoel Cavalcanti Bezerra;37;264;Imbiribeira;181,8;51;3;3;Nâo;;Não;Não;Não;Não;Neuza Santos De Oliveira Vieira;-34.906;-8.1089;Sul
6;2;Creche Municipal;117;Creche Cristo Rei Jordao Alto;26190656.0;;200;221;Jordao;;70;4;4;Nâo;;Não;Não;Não;Não;Suelen Karla Rodrigues Da Silva;-34.945;-8.1356;Sul
6;2;Creche Municipal;989;Creche Municipal Do Jordao Baixo;26156695.0;Sao Jose Da Lage;19;230;Ibura;674;118;7;6;Nâo;;Não;Não;Sim;Não;Brenio Alves Da Silva;-34.941;-8.1269;Sul
6;2;Creche Municipal;546;Padre Lourenco;26153467.0;Conde Pereira Carneiro;172;264;Imbiribeira;380,4;91;5;6;Nâo;;Não;Não;Não;Não;Maria Da Conceicao Silva De Brito;-34.91;-8.1083;Sul
6;2;Creche Municipal;543;Senador Paulo Guerra;26153440.0;Engenho Canto Alegre;S/N;264;Imbiribeira;644,6;168;9;8;Nâo;;Não;Não;Não;Não;Lindinalva Vasconcelos Dos Santos;-34.904;-8.0884;Sul
6;2;Creche Municipal;978;Sitio Grande;26170728.0;Padre Carlos Leoncio;123;264;Imbiribeira;370,1;78;7;7;Nâo;27/04/2017;Não;Não;Sim;Não;Adriana Bezerra Da Silva;-34.914;-8.0985;Sul
6;2;Creche Municipal;708;Sonho De Crianca;26171678.0;Teotonio De Melo Filho;218;230;Ibura;371,4;96;6;6;Nâo;;Não;Não;Não;Não;Admilson Soares De Barros;-34.935;-8.1129;Sul
6;2;Creche Municipal;544;Sonho Do Povo;26153068.0;Cordilheira;S/N;884;Cohab;280,8;78;4;4;Sim;;Não;Não;Não;Não;Ana Paula Acioli Pimentel;-34.945;-8.119;Sul
6;2;Creche Municipal;387;Vila Dos Milagres;26177820.0;Sao Miguel;14;884;Cohab;108,2;39;2;2;Nâo;;Não;Não;Não;Não;Evellyn Chrislaine De Souza Albuquerque;-34.945;-8.1151;Sul
6;2;Creche Municipal;432;Zilda Arns;26180685.0;Antonio Paes Barreto;S/N;264;Imbiribeira;302;45;3;3;Nâo;;Não;Não;Não;Não;Flavia Thais Dos Santos;-34.905;-8.1149;Sul
6;2;Creche Municipal;450;08 De Marco;26183277.0;Engenho Bulhoes;S/N;230;Ibura;850;131;6;5;Nâo;22/02/2017;Não;Não;Sim;Não;Sandra Carla Pereira Das Chagas;-34.937;-8.1151;Sul
6;5;Cmei;418;Bernard Van Der Leer;26124165.0;Francisco Valpassos;Sn;256;Brasilia Teimosa;1480,1;396;18;14;Nâo;;Não;Não;Sim;Não;Mercedes Silveira Vasconcelos Dias;-34.883;-8.0853;Sul
6;5;Cmei;542;Brasilia Teimosa;26153122.0;Delfim;55;256;Brasilia Teimosa;727,7;125;7;6;Nâo;;Não;Não;Não;Não;Cristiane Mercia Rosa De Vasconcelos;-34.878;-8.0803;Sul
6;5;Cmei;530;Cmei Novo Pina;26157551.0;Eurico Vitruvio;S/N;248;Pina;;146;7;6;Nâo;;Não;Não;Não;Não;Graciete Castello Branco Austregesilo Silva;-34.887;-8.0914;Sul
6;5;Cmei;403;Estrela Da Manha;26212609.0;Dancing Days;135;264;Imbiribeira;331,6;78;6;5;Nâo;27/04/2017;Não;Não;Sim;Não;Marizelia Alves De Arruda;-34.922;-8.1027;Sul
6;5;Cmei;545;Jesus De Nazare;26153270.0;Angatuba;S/N;230;Ibura;169;109;8;6;Nâo;;Não;Não;Não;Não;Josefa Maria Silva De Souza;-34.942;-8.1292;Sul
6;8;Creche Esc.Recife;498;Creche Escola Cristo Rei;;Rua Sertania;200;221;Jordao;;0;0;0;Nâo;;Não;Não;Não;Não;;-34.945;-8.1354;Sul
6;8;Creche Esc.Recife;990;Creche Escola Recife Do Ibura;26156610.0;Expedicionario Francisco Vitoriano;S/N;884;Cohab;1200;255;13;13;Nâo;;Não;Não;Não;Não;Adjanete Lopes Dos Santos;-34.949;-8.1341;Sul
6;8;Creche Esc.Recife;455;Governador Eduardo Campos;26185679.0;Vale Do Cariri;S/N;884;Cohab;;160;8;7;Nâo;04/05/2017;Não;Não;Não;Não;Valeria Alvarenga Taumaturgo Silva;-34.948;-8.1319;Sul
6;8;Creche Esc.Recife;496;Jose De Souza Ferraz;26190567.0;Rua Jacunda;573;213;Ipsep;;224;10;8;Nâo;;Não;Não;Não;Não;Bianca Chaves Cabral;-34.921;-8.1093;Sul
6;8;Creche Esc.Recife;129;Salete Matias Borges;26191687.0;;S/N;264;Imbiribeira;;46;3;4;Nâo;;Não;Não;Não;Não;Maphi Vasconcelos Vanderlei;;-79.048;Sul
